modality	cluster	model	file	rows	md5_decompressed
multiome	jurkat		Predictions/EnhancerPredictionsAllPutative.tsv.gz	11036284	cb83ed8edee7ec965a5603fc21efea36
multiome	jurkat		Neighborhoods/EnhancerList.txt	158398	24f4349f87653f826cc9b53f83ef2ef7
multiome	jurkat		Neighborhoods/GeneList.txt	20532	e77af57fb36c97d863c2186d26f69e9c
multiome	jurkat		Kendall/Pairs.Kendall.tsv.gz	10788203	d989dd552beda6a713879671c811fb84
multiome	jurkat		ARC/EnhancerPredictionsAllPutative_ARC.tsv.gz	11036284	a4a141a1ffb8856bc38fa3cc932ca6a4
multiome	jurkat		genomewide_features.tsv.gz	11036284	253b334c90481b2e0dbcdecfa6f7285d
multiome	jurkat	multiome_powerlaw_v3	scE2G_element_list.tsv.gz	158398	1ea956381c250e028912e75e84de2540
multiome	jurkat	multiome_powerlaw_v3	scE2G_gene_list.tsv.gz	20532	d038a66a813c4cc515d2d8352050eb6c
multiome	jurkat	multiome_powerlaw_v3	scE2G_predictions.tsv.gz	11036284	49ff9a8376793a3501d59269f98d6637
multiome	jurkat	multiome_powerlaw_v3	scE2G_predictions_threshold0.177.tsv.gz	59699	86ac986070a99057294d6a50ac401a2d
multiome	jurkat	multiome_powerlaw_v3	scE2G_predictions_threshold0.177_stats.tsv	2	9ff5c2dec616d09aff2ccb6bdd490554
multiome	jurkat_pma_cd3_4hr		Predictions/EnhancerPredictionsAllPutative.tsv.gz	10854699	51e43aeb41312da19ad9fa3173e8d840
multiome	jurkat_pma_cd3_4hr		Neighborhoods/EnhancerList.txt	157396	c9cd32bec0e73ef5b9957f14d84bb38d
multiome	jurkat_pma_cd3_4hr		Neighborhoods/GeneList.txt	20532	0de721b1227e1c30e7f22d8201b0585f
multiome	jurkat_pma_cd3_4hr		Kendall/Pairs.Kendall.tsv.gz	10759397	67c715d91efc067579b6e612950c28b8
multiome	jurkat_pma_cd3_4hr		ARC/EnhancerPredictionsAllPutative_ARC.tsv.gz	10854699	7edad590e9385bf9223d78d07c5ed130
multiome	jurkat_pma_cd3_4hr		genomewide_features.tsv.gz	10854699	a7a6eec2a05b13fe6e581397d389e343
multiome	jurkat_pma_cd3_4hr	multiome_powerlaw_v3	scE2G_element_list.tsv.gz	157396	7a385a049969af61cd24e8985f5fa288
multiome	jurkat_pma_cd3_4hr	multiome_powerlaw_v3	scE2G_gene_list.tsv.gz	20532	f85ad547e4a72e02c423372dd22d4f2a
multiome	jurkat_pma_cd3_4hr	multiome_powerlaw_v3	scE2G_predictions.tsv.gz	10854699	903d236a5d0a7f7331dcc001b6c5393b
multiome	jurkat_pma_cd3_4hr	multiome_powerlaw_v3	scE2G_predictions_threshold0.177.tsv.gz	59651	b109726d23a11e70a3f26963c0ec6022
multiome	jurkat_pma_cd3_4hr	multiome_powerlaw_v3	scE2G_predictions_threshold0.177_stats.tsv	2	28e30dcd3413abc9a8c444ecc1bcced1
multiome	k562_crispri		Predictions/EnhancerPredictionsAllPutative.tsv.gz	11447565	030f79acedf60ec48f428d51a67818b7
multiome	k562_crispri		Neighborhoods/EnhancerList.txt	156421	9023c1594b65b0f13d8e6109b1119ede
multiome	k562_crispri		Neighborhoods/GeneList.txt	20532	29bc4a8874c851101ff5f3fa124dc34a
multiome	k562_crispri		Kendall/Pairs.Kendall.tsv.gz	11317835	dc95776cb8b264f3663d45495572bbca
multiome	k562_crispri		ARC/EnhancerPredictionsAllPutative_ARC.tsv.gz	11447565	cf29d9bfd87a1871b719694f06939d92
multiome	k562_crispri		genomewide_features.tsv.gz	11447565	30eb8345296344fdc30a11a494b0e07c
multiome	k562_crispri	multiome_powerlaw_v3	scE2G_element_list.tsv.gz	156421	092ac1b99072a2259b3e553df921c6c6
multiome	k562_crispri	multiome_powerlaw_v3	scE2G_gene_list.tsv.gz	20532	410bba220e509cdcd3c2a43c6d351723
multiome	k562_crispri	multiome_powerlaw_v3	scE2G_predictions.tsv.gz	11447565	03aafd2c9ad479427c8693b8011bb1e5
multiome	k562_crispri	multiome_powerlaw_v3	scE2G_predictions_threshold0.177.tsv.gz	59439	89866085ecc8d1666c1090c4e41e0f75
multiome	k562_crispri	multiome_powerlaw_v3	scE2G_predictions_threshold0.177_stats.tsv	2	0ae329cb59869ae96e49959aa33a01a0
multiome	telohaec_crispri		Predictions/EnhancerPredictionsAllPutative.tsv.gz	11106688	b41000a0f3fab55f76d1a29e63b477d6
multiome	telohaec_crispri		Neighborhoods/EnhancerList.txt	157552	3c919f5752c5c80f34033e07fd42da93
multiome	telohaec_crispri		Neighborhoods/GeneList.txt	20532	e796cf97484f7d3c96b44b02c143c168
multiome	telohaec_crispri		Kendall/Pairs.Kendall.tsv.gz	11136923	4e1c83aef843bf5d709cd4df5c9e66b4
multiome	telohaec_crispri		ARC/EnhancerPredictionsAllPutative_ARC.tsv.gz	11106688	811a6bcbf2c2c2679f2250e6e9e750a5
multiome	telohaec_crispri		genomewide_features.tsv.gz	11106688	cbb28e9d30b74ba14e84094a510fea8e
multiome	telohaec_crispri	multiome_powerlaw_v3	scE2G_element_list.tsv.gz	157552	0353a1787bb2528517555e0f3046681e
multiome	telohaec_crispri	multiome_powerlaw_v3	scE2G_gene_list.tsv.gz	20532	1107960e1a0ee635b7e0b8cffa109a54
multiome	telohaec_crispri	multiome_powerlaw_v3	scE2G_predictions.tsv.gz	11106688	b4b45262747f5b318490d17c53c4ad8d
multiome	telohaec_crispri	multiome_powerlaw_v3	scE2G_predictions_threshold0.177.tsv.gz	60631	90973e246e3d996d9d4649e4f8243b94
multiome	telohaec_crispri	multiome_powerlaw_v3	scE2G_predictions_threshold0.177_stats.tsv	2	650e280c521c0550eab6e880ef66ccf6
multiome	thp1_1		Predictions/EnhancerPredictionsAllPutative.tsv.gz	10173078	bf2052afe99e0fcb9ed6a8cd429e5104
multiome	thp1_1		Neighborhoods/EnhancerList.txt	158549	b1ed62a33ef67bed0643cb551358963a
multiome	thp1_1		Neighborhoods/GeneList.txt	20532	c653c4541cee3a33033867f5a77b4db4
multiome	thp1_1		Kendall/Pairs.Kendall.tsv.gz	9694979	afd4c54ecadd4b9bc353582dfd051cc4
multiome	thp1_1		ARC/EnhancerPredictionsAllPutative_ARC.tsv.gz	10173078	e541feb46dfcc6581a08315d02675e55
multiome	thp1_1		genomewide_features.tsv.gz	10173078	bd1456055a566668d58c5f76e112466f
multiome	thp1_1	multiome_powerlaw_v3	scE2G_element_list.tsv.gz	158549	6ce6773aa247afda6c151a16c0fa955c
multiome	thp1_1	multiome_powerlaw_v3	scE2G_gene_list.tsv.gz	20532	b10a4ff30332bae348e2b998aff01ea0
multiome	thp1_1	multiome_powerlaw_v3	scE2G_predictions.tsv.gz	10173078	53248276ce6efc5494fb0c6ae748141c
multiome	thp1_1	multiome_powerlaw_v3	scE2G_predictions_threshold0.177.tsv.gz	60436	e37300f3d7d44cfcaa0264dd372b9e31
multiome	thp1_1	multiome_powerlaw_v3	scE2G_predictions_threshold0.177_stats.tsv	2	81f9500c54222294d9270f3be7d0c16a
multiome	thp1_2		Predictions/EnhancerPredictionsAllPutative.tsv.gz	10278326	164947b328ad29b3e8d789081d5fbe4c
multiome	thp1_2		Neighborhoods/EnhancerList.txt	157499	f338c8bf135e7175bd033ba2b5676c06
multiome	thp1_2		Neighborhoods/GeneList.txt	20532	35e622480223af9d8026edd9394b639e
multiome	thp1_2		Kendall/Pairs.Kendall.tsv.gz	9910222	75acac547e0f4df2985327288dd8abb6
multiome	thp1_2		ARC/EnhancerPredictionsAllPutative_ARC.tsv.gz	10278326	03f711e7e9ac702f1e634daf2a0d6b6f
multiome	thp1_2		genomewide_features.tsv.gz	10278326	3e2e667de262a6bdd6e369b55e5bc612
multiome	thp1_2	multiome_powerlaw_v3	scE2G_element_list.tsv.gz	157499	81b6b146d2fa2eebac5ae8594de699d5
multiome	thp1_2	multiome_powerlaw_v3	scE2G_gene_list.tsv.gz	20532	24b7c2eba13a197fec85fe4b83569864
multiome	thp1_2	multiome_powerlaw_v3	scE2G_predictions.tsv.gz	10278326	9f8edca2986fe6b941bc2150530f3c7f
multiome	thp1_2	multiome_powerlaw_v3	scE2G_predictions_threshold0.177.tsv.gz	61285	1a525406a3adc910ac1934afee289fba
multiome	thp1_2	multiome_powerlaw_v3	scE2G_predictions_threshold0.177_stats.tsv	2	d1146d89e12f5439082947ce5ea579db
